region,vulnerability_normalized,vulnerability_level,total_risk,high_risk,aged_housing_ratio
경상북도,100.0,매우 높음,472,181,35.7
전라남도,83.7312512841586,매우 높음,383,162,41.4
경상남도,77.60016437230325,매우 높음,376,133,30.0
강원도,73.9058968563797,매우 높음,338,153,30.7
전라북도,69.22539552085472,높음,351,94,34.4
충청북도,53.268954181220465,높음,254,99,29.3
충청남도,38.87404972262175,보통,192,70,24.2
제주특별자치도,18.389151427984384,낮음,106,15,27.7
경기도,17.44401068419971,낮음,101,26,15.7
부산광역시,13.055270186973495,낮음,65,24,30.1
광주광역시,7.421409492500514,낮음,41,15,25.4
울산광역시,5.905074994863364,낮음,32,14,26.1
대구광역시,4.927059790425313,낮음,28,11,26.5
서울특별시,2.7696733100472564,낮음,16,10,26.0
인천광역시,1.9560304088761034,낮음,16,2,27.4
대전광역시,0.6246147524142179,낮음,4,3,31.6
세종특별자치시,0.0,낮음,17,5,7.2
